{"cameraMode":{"drawMode":0,"name":"Shaded","section":"Shading Mode"},"sceneLighting":true,"audioPlay":false,"sceneViewState":{"showFog":true,"showMaterialUpdate":false,"showSkybox":true,"showFlares":true,"showImageEffects":true,"showParticleSystems":true},"in2DMode":false,"pivot":{"x":20.10260009765625,"y":8.714126586914063,"z":6.858330249786377},"rotation":{"x":0.7365807890892029,"y":-0.0020295395515859129,"z":0.002209386555477977,"w":0.6763500571250916},"size":37.05865478515625,"orthographic":false}